slug,title,description,primaryKeyword,secondaryKeywords,cluster,pillar,relatedServiceUrl,pubDate,updatedDate,heroImage,heroAlt,author,tags,status,noindex,faq,body
film-kan-ron-ban-lot-kha-fai,ฟิล์มกันร้อนบ้าน ลดค่าไฟได้จริงไหม?,เจาะลึกว่าฟิล์มกรองแสงบ้านช่วยลดอุณหภูมิห้องและค่าไฟฟ้าได้จริงแค่ไหน พร้อมวิธีคำนวณความคุ้มค่าก่อนตัดสินใจติดตั้ง,ฟิล์มกันร้อนบ้าน,"ลดค่าไฟ,ฟิล์มกรองแสงบ้าน",energy-saving,architectural-film,/services,2026-09-01,,,,ทีมงานวิศวกร LUMAGUARD,"ประหยัดพลังงาน,ฟิล์มบ้าน",ready,FALSE,"ติดฟิล์มแล้วลดค่าไฟได้กี่เปอร์เซ็นต์ | ขึ้นอยู่กับทิศทางแดดและพื้นที่กระจก โดยทั่วไปลดภาระแอร์ได้ 10-30%
ฟิล์มกันร้อนอยู่ได้กี่ปี | ฟิล์มนาโนเซรามิกเกรดพรีเมียมมีอายุใช้งาน 10-15 ปี","## ความร้อนเข้าบ้านทางไหนมากที่สุด

เนื้อหาบทความเขียนเป็น Markdown ตรงนี้ ใช้ ## สำหรับหัวข้อย่อยได้

<ArticleCta href=""/services"" position=""inline"" />

## สรุป

ปิดท้ายบทความ"
