slug	title	description	primaryKeyword	secondaryKeywords	cluster	pillar	relatedServiceUrl	pubDate	publishTime	updatedDate	heroImage	heroAlt	author	tags	status	noindex	faq	body
film-tid-krajok-baan	ฟิล์มติดกระจกบ้าน เลือกอย่างไรให้เหมาะกับบ้านและประหยัดพลังงาน	รวมทุกเรื่องที่ควรรู้เกี่ยวกับฟิล์มติดกระจกบ้าน ทั้งประเภทของฟิล์ม ประโยชน์ในการลดความร้อนและประหยัดพลังงาน วิธีเลือกให้เหมาะกับบ้าน พร้อมคำถามที่พบบ่อย	ฟิล์มติดกระจกบ้าน	ฟิล์มกรองแสงบ้าน, ฟิล์มกันรอยกระจก, ติดฟิล์มบ้าน	architectural-film		/products	2026-08-25		2026-08-25			ทีมงานวิศวกร LUMAGUARD	ฟิล์มติดกระจก, ฟิล์มกรองแสง, ประหยัดพลังงาน	ready		"ฟิล์มติดกระจกบ้านมีอายุการใช้งานนานเท่าไร? | โดยทั่วไปฟิล์มคุณภาพดีจะมีอายุการใช้งานประมาณ 5-10 ปี ขึ้นอยู่กับสภาพแวดล้อมและการดูแลรักษา
ติดฟิล์มแล้วจะทำให้บ้านมืดลงหรือไม่? | ขึ้นอยู่กับความเข้มของฟิล์มที่เลือกใช้ หากเลือกความเข้มต่ำหรือกลางจะช่วยลดแสงจ้าโดยไม่ทำให้บ้านมืดเกินไป
ฟิล์มติดกระจกสามารถติดเองได้ไหม? | ติดเองได้ แต่เพื่อให้เรียบร้อยและไม่เกิดฟองอากาศ ควรใช้บริการติดตั้งจากผู้เชี่ยวชาญ
ฟิล์มกรองแสงช่วยลดค่าไฟฟ้าได้จริงหรือไม่? | ช่วยลดความร้อนและลดการทำงานของเครื่องปรับอากาศ จึงช่วยประหยัดค่าไฟฟ้าในระยะยาว
ฟิล์มกันรอยกับฟิล์มกรองแสงต่างกันอย่างไร? | ฟิล์มกรองแสงเน้นลดความร้อนและแสง UV ส่วนฟิล์มกันรอยเน้นเพิ่มความแข็งแรง ป้องกันรอยขีดข่วนและกระจกแตก"	"ในยุคปัจจุบันที่สภาพอากาศร้อนขึ้นเรื่อยๆ การดูแลและปรับปรุงบ้านให้มีสภาพแวดล้อมที่เย็นสบายและประหยัดพลังงานจึงเป็นสิ่งสำคัญ ฟิล์มติดกระจกบ้านจึงเป็นอีกหนึ่งตัวช่วยที่ได้รับความนิยมอย่างมาก เพราะไม่เพียงแต่จะช่วยลดความร้อนและแสงแดดที่ส่องผ่านเข้ามาในบ้านเท่านั้น แต่ยังช่วยเพิ่มความสวยงามและความปลอดภัยให้กับบ้านอีกด้วย

การติดฟิล์มบนกระจกบ้านไม่ใช่แค่เรื่องของความสวยงามเท่านั้น แต่ยังเกี่ยวข้องกับการป้องกันความร้อนและแสง UV ที่ส่งผลเสียต่อสุขภาพและเฟอร์นิเจอร์ต่างๆ ภายในบ้าน การรู้จักประเภทของฟิล์มและคุณสมบัติต่างๆ จะช่วยให้เจ้าของบ้านเลือกใช้งานได้อย่างเหมาะสมและคุ้มค่ามากที่สุด

## ประเภทของฟิล์มติดกระจกบ้าน

### ฟิล์มกรองแสง

ฟิล์มกรองแสงเป็นประเภทที่ได้รับความนิยมสูงสุด เนื่องจากมีคุณสมบัติในการลดความร้อนและกันแสง UV ที่เป็นอันตรายต่อผิวหนังและเฟอร์นิเจอร์ภายในบ้าน ช่วยให้แสงแดดที่ผ่านเข้ามามีความนุ่มนวล ลดแสงจ้าและสะท้อนที่รบกวนสายตา

- ช่วยลดอุณหภูมิภายในบ้านให้เย็นสบายขึ้น
- ลดการใช้พลังงานจากเครื่องปรับอากาศ
- ป้องกันรังสี UV ที่ทำลายผิวหนังและเฟอร์นิเจอร์
- มีหลายเฉดสีและความเข้มให้เลือกตามความต้องการ

### ฟิล์มกันรอยและความปลอดภัย

ฟิล์มประเภทนี้เน้นความแข็งแรงและการป้องกันความเสียหายจากแรงกระแทกหรือการขีดข่วน เหมาะสำหรับบ้านที่ต้องการเพิ่มความปลอดภัยหรือมีเด็กเล็ก จะช่วยยึดกระจกไว้ไม่ให้แตกกระจายเมื่อเกิดแรงกระแทก

- เพิ่มความแข็งแรงให้กับกระจกบ้าน
- ป้องกันรอยขีดข่วนจากสัตว์เลี้ยงหรือสิ่งของ
- ลดความเสี่ยงจากการแตกของกระจก
- ช่วยลดเสียงรบกวนจากภายนอกได้ในระดับหนึ่ง

## ประโยชน์ด้านการประหยัดพลังงาน

หนึ่งในประโยชน์ที่โดดเด่นที่สุดคือการลดความร้อนที่ผ่านเข้ามาภายในบ้าน ช่วยให้อุณหภูมิเย็นสบายขึ้น ลดการทำงานของเครื่องปรับอากาศ ส่งผลให้ประหยัดค่าไฟฟ้าในระยะยาว นอกจากนี้ยังช่วยป้องกันแสง UV ที่เป็นสาเหตุของการซีดจางของเฟอร์นิเจอร์และวัสดุตกแต่งบ้าน

## วิธีการเลือกฟิล์มติดกระจกบ้าน

1. **วัตถุประสงค์หลัก** – ต้องการลดความร้อน ป้องกัน UV หรือเพิ่มความปลอดภัย
2. **ประเภทของกระจก** – กระจกใสหรือกระจกตัดแสง ส่งผลต่อการเลือกฟิล์ม
3. **ระดับความเข้ม** – เลือกให้ป้องกันแสงจ้าโดยไม่ทำให้ภายในบ้านมืดเกินไป
4. **งบประมาณ** – มีตั้งแต่ระดับพื้นฐานไปจนถึงฟิล์มคุณภาพสูงที่ฟังก์ชันครบครัน
5. **การรับประกัน** – เลือกผู้จัดจำหน่ายที่น่าเชื่อถือ มีบริการติดตั้งและรับประกันคุณภาพ

ควรสอบถามคำแนะนำจากผู้เชี่ยวชาญเพื่อประเมินความเหมาะสมตามสภาพบ้าน และควรใช้บริการติดตั้งจากมืออาชีพเพื่อให้ได้ผลลัพธ์ที่ดีที่สุดและยืดอายุการใช้งานของฟิล์ม

## บทสรุป

การเลือกใช้ฟิล์มติดกระจกบ้านเป็นทางเลือกที่ช่วยให้บ้านเย็นสบาย ปลอดภัย และประหยัดพลังงานได้อย่างมีประสิทธิภาพ ควรพิจารณาจากความต้องการและลักษณะของบ้าน รวมถึงงบประมาณและบริการหลังการขาย และควรดูแลรักษาอย่างเหมาะสมด้วยการทำความสะอาดอย่างอ่อนโยน หลีกเลี่ยงการใช้วัสดุมีคมขูดขีดบนกระจก"
