status	seedKeyword	slug	title	description	primaryKeyword	secondaryKeywords	cluster	pillar	relatedServiceUrl	pubDate	updatedDate	heroImage	heroAlt	articleImage	author	tags	noindex	faq	body
hold		film-krong-saeng-condo-lueak-yangngai	ฟิล์มกรองแสงคอนโด เลือกอย่างไรให้เหมาะกับห้องและกฎนิติบุคคล	คู่มือเลือกฟิล์มกรองแสงคอนโด ตั้งแต่ดูทิศทางแดด ความเข้มที่นิติอนุญาต ไปจนถึงการวัดพื้นที่กระจกห้องชุด พร้อมข้อควรระวังก่อนตัดสินใจติดตั้ง	ฟิล์มกรองแสงคอนโด	ติดฟิล์มคอนโด, ฟิล์มกระจกคอนโด	architectural-film		/home-film						ทีมงานวิศวกร LUMAGUARD				
hold		tid-film-condo-khor-anuyat-niti	ติดฟิล์มคอนโดต้องขออนุญาตนิติบุคคลไหม เตรียมอะไรบ้าง	คอนโดส่วนใหญ่กำหนดสีและความเข้มฟิล์มที่ติดได้ บทความนี้อธิบายว่าต้องขออนุญาตอย่างไร เตรียมเอกสารอะไร และถ้าติดผิดกฎจะเกิดอะไรขึ้น	ติดฟิล์มคอนโดขออนุญาต	กฎนิติบุคคลติดฟิล์ม, ฟิล์มคอนโดสีที่อนุญาต	architectural-film		/home-film						ทีมงานวิศวกร LUMAGUARD				
hold		film-krong-saeng-vs-man-praeng	ฟิล์มกรองแสงกับม่านกันความร้อน เลือกอย่างไหนดีกว่ากัน	เปรียบเทียบฟิล์มกรองแสงกับม่านกันความร้อนแบบตรงไปตรงมา ทั้งเรื่องการลดความร้อน ทัศนียภาพ ค่าใช้จ่ายระยะยาว และกรณีที่ควรใช้ทั้งสองอย่างร่วมกัน	ฟิล์มกรองแสงกับม่าน	ม่านกันความร้อน, ลดความร้อนหน้าต่าง	architectural-film		/home-film						ทีมงานวิศวกร LUMAGUARD				
hold		tid-film-krajok-baan-chai-wela-ki-wan	ติดฟิล์มกระจกบ้านใช้เวลากี่วัน ต้องเตรียมบ้านอย่างไร	อธิบายระยะเวลาติดตั้งฟิล์มกระจกบ้านตามจำนวนบาน สิ่งที่ต้องเตรียมก่อนช่างเข้า และสิ่งที่ควรทำหลังติดตั้งเสร็จในช่วงสัปดาห์แรก	ติดฟิล์มกระจกบ้านใช้เวลา	เตรียมบ้านก่อนติดฟิล์ม, ขั้นตอนติดฟิล์มบ้าน	architectural-film		/home-film						ทีมงานวิศวกร LUMAGUARD				
hold		film-krong-saeng-akhan-samnakngan	ฟิล์มกรองแสงอาคารสำนักงาน เลือกแบบไหนให้พนักงานสบายและประหยัดไฟ	แนวทางเลือกฟิล์มกรองแสงสำหรับอาคารสำนักงาน ทั้งเรื่องแสงจ้าบนจอคอมพิวเตอร์ ภาระงานของระบบปรับอากาศ และการรักษาทัศนียภาพภายนอกอาคาร	ฟิล์มกรองแสงอาคารสำนักงาน	ฟิล์มออฟฟิศ, ลดแสงจ้าหน้าจอ	architectural-film		/home-film						ทีมงานวิศวกร LUMAGUARD				
hold		krajok-ban-yai-tit-tawantok-ron	กระจกบานใหญ่ทิศตะวันตกร้อนจัด แก้ได้ด้วยวิธีไหนบ้าง	รวมวิธีแก้ปัญหากระจกบานใหญ่ทิศตะวันตกที่ร้อนสะสมช่วงบ่าย ตั้งแต่ฟิล์มกรองแสง กันสาด ต้นไม้ ไปจนถึงการปรับการใช้งานห้อง พร้อมข้อดีข้อเสียแต่ละทาง	กระจกทิศตะวันตกร้อน	ห้องทิศตะวันตก, แก้ร้อนกระจกบานใหญ่	architectural-film		/home-film						ทีมงานวิศวกร LUMAGUARD				
hold		film-tid-nai-ru-nok-krajok	ฟิล์มกรองแสงติดด้านในหรือด้านนอกกระจก ต่างกันอย่างไร	อธิบายว่าทำไมฟิล์มกรองแสงส่วนใหญ่ติดด้านในกระจก กรณีไหนที่ต้องติดด้านนอก และผลต่ออายุการใช้งานกับการรับประกันของแต่ละแบบ	ฟิล์มติดในหรือนอกกระจก	ฟิล์มติดด้านนอก, ติดฟิล์มด้านใน	architectural-film		/home-film						ทีมงานวิศวกร LUMAGUARD				
hold		tid-film-eng-vs-chang	ติดฟิล์มกระจกเองกับจ้างช่าง ต่างกันตรงไหนบ้าง	เปรียบเทียบการติดฟิล์มกระจกด้วยตัวเองกับการจ้างช่างมืออาชีพ ทั้งเรื่องฟองอากาศ ฝุ่น อายุการใช้งาน การรับประกัน และต้นทุนรวมที่แท้จริง	ติดฟิล์มกระจกเอง	ติดฟิล์มด้วยตัวเอง, จ้างช่างติดฟิล์ม	architectural-film		/home-film						ทีมงานวิศวกร LUMAGUARD				
hold		film-krong-saeng-vs-krajok-low-e	ฟิล์มกรองแสงกับกระจก Low-E ต่างกันอย่างไร ควรเลือกอะไร	อธิบายความต่างระหว่างฟิล์มกรองแสงที่ติดเพิ่มบนกระจกเดิม กับกระจก Low-E ที่ต้องเปลี่ยนทั้งบาน ทั้งด้านประสิทธิภาพ ค่าใช้จ่าย และความเหมาะสมกับบ้านที่สร้างแล้ว	ฟิล์มกรองแสงกับกระจก Low-E	กระจก Low-E, เปลี่ยนกระจกกันร้อน	architectural-film		/home-film						ทีมงานวิศวกร LUMAGUARD				
hold		hong-krajok-ron-mak-witi-kae	ห้องกระจกร้อนมาก มีวิธีแก้อะไรบ้างนอกจากเปิดแอร์แรงขึ้น	รวมวิธีลดความร้อนในห้องที่มีกระจกเยอะ ทั้งการติดฟิล์ม การจัดวางเฟอร์นิเจอร์ การระบายอากาศ และการเลือกใช้ห้องตามช่วงเวลา พร้อมประเมินว่าวิธีไหนคุ้มที่สุด	ห้องกระจกร้อน	ลดความร้อนห้องกระจก, ห้องร้อนแก้ยังไง	architectural-film		/home-film						ทีมงานวิศวกร LUMAGUARD				
hold		film-krong-saeng-prayat-kha-air-jing-mai	ฟิล์มกรองแสงช่วยประหยัดค่าแอร์ได้จริงไหม ดูจากค่าอะไร	อธิบายกลไกที่ฟิล์มกรองแสงช่วยลดภาระของแอร์ ค่าสเปกที่ต้องดูอย่าง TSER และปัจจัยที่ทำให้ผลประหยัดของแต่ละบ้านต่างกัน พร้อมวิธีประเมินเบื้องต้น	ฟิล์มกรองแสงประหยัดค่าแอร์	ติดฟิล์มลดค่าไฟ, TSER ประหยัดไฟ	energy-saving		/home-film						ทีมงานวิศวกร LUMAGUARD				
hold		tid-film-kha-fai-lot-ki-baht	ติดฟิล์มแล้วค่าไฟลดกี่บาทต่อเดือน คำนวณอย่างไร	วิธีประเมินว่าติดฟิล์มกรองแสงแล้วค่าไฟจะลดลงประมาณเท่าไร โดยดูจากพื้นที่กระจก ทิศทางแดด ชั่วโมงเปิดแอร์ และค่า TSER ของฟิล์มที่เลือก	ติดฟิล์มค่าไฟลดเท่าไร	คำนวณค่าไฟหลังติดฟิล์ม, ประหยัดไฟจากฟิล์ม	energy-saving		/home-film						ทีมงานวิศวกร LUMAGUARD				
hold		khuen-thun-kha-tid-film-ki-pi	ติดฟิล์มกรองแสงคืนทุนกี่ปี คุ้มกับค่าไฟที่ประหยัดได้ไหม	คำนวณจุดคืนทุนของการติดฟิล์มกรองแสงจากค่าติดตั้งเทียบกับค่าไฟที่ประหยัดได้ต่อเดือน พร้อมตัวอย่างบ้านและคอนโดขนาดต่างกันให้เห็นภาพชัด	ติดฟิล์มคืนทุนกี่ปี	ความคุ้มค่าติดฟิล์ม, คืนทุนฟิล์มกรองแสง	energy-saving		/home-film						ทีมงานวิศวกร LUMAGUARD				
hold		hong-non-tit-tawantok-ron-bai	ห้องนอนทิศตะวันตกร้อนตอนบ่าย แก้อย่างไรให้นอนกลางวันได้	แนวทางแก้ห้องนอนทิศตะวันตกที่สะสมความร้อนช่วงบ่ายจนเย็น ทั้งการเลือกความเข้มฟิล์ม การจัดม่าน และการตั้งเวลาแอร์ให้ห้องเย็นทันเวลานอน	ห้องนอนทิศตะวันตกร้อน	ห้องนอนร้อนตอนบ่าย, แก้ห้องนอนร้อน	energy-saving		/home-film						ทีมงานวิศวกร LUMAGUARD				
hold		lot-khwam-ron-nai-baan-mai-perd-air	ลดความร้อนในบ้านโดยไม่ต้องเปิดแอร์ ทำได้จริงแค่ไหน	รวมวิธีลดความร้อนในบ้านที่ไม่ต้องพึ่งแอร์ ตั้งแต่การสกัดความร้อนที่กระจก การระบายอากาศ ไปจนถึงวัสดุหลังคา พร้อมบอกว่าวิธีไหนได้ผลจริงในสภาพอากาศไทย	ลดความร้อนในบ้าน	บ้านเย็นไม่ต้องเปิดแอร์, ระบายความร้อนบ้าน	energy-saving		/home-film						ทีมงานวิศวกร LUMAGUARD				
hold		chanuan-lang-kha-vs-film-krajok	ฉนวนกันความร้อนหลังคากับฟิล์มกระจก ควรลงทุนอันไหนก่อน	เปรียบเทียบการลงทุนฉนวนกันความร้อนหลังคากับการติดฟิล์มกระจก ว่าบ้านแบบไหนควรทำอะไรก่อน โดยดูจากสัดส่วนพื้นที่กระจกและทิศทางที่รับแดด	ฉนวนหลังคากับฟิล์มกระจก	ฉนวนกันความร้อนหลังคา, ลงทุนลดความร้อน	energy-saving		/home-film						ทีมงานวิศวกร LUMAGUARD				
hold		air-thamngan-nak-saehet-jak-krajok	แอร์ทำงานหนักตลอดเวลา สาเหตุมาจากกระจกหรือเปล่า	วิธีสังเกตว่าแอร์ที่ทำงานหนักผิดปกติมีสาเหตุจากความร้อนที่เข้าทางกระจกหรือไม่ พร้อมจุดตรวจง่าย ๆ ที่ทำเองได้ก่อนตัดสินใจเรียกช่างหรือติดฟิล์ม	แอร์ทำงานหนักเพราะกระจก	แอร์ไม่เย็น, ความร้อนเข้าทางกระจก	energy-saving		/home-film						ทีมงานวิศวกร LUMAGUARD				
hold		baan-han-tit-nai-ron-thisut	บ้านหันทิศไหนร้อนที่สุดในไทย และรับมืออย่างไร	อธิบายว่าบ้านที่หันหน้าไปทางทิศไหนได้รับความร้อนมากที่สุดในประเทศไทย ช่วงเวลาที่ร้อนที่สุดของแต่ละทิศ และแนวทางรับมือที่เหมาะกับแต่ละกรณี	บ้านหันทิศไหนร้อน	ทิศทางแดดบ้าน, ทิศบ้านร้อน	energy-saving		/home-film						ทีมงานวิศวกร LUMAGUARD				
hold		film-rot-40-vs-60-tang-ganyangngai	ฟิล์มรถยนต์ 40% กับ 60% ต่างกันอย่างไร เลือกแบบไหนดี	อธิบายความหมายของตัวเลขเปอร์เซ็นต์บนฟิล์มรถยนต์ ความต่างระหว่าง 40% กับ 60% ทั้งเรื่องความมืด ทัศนวิสัยกลางคืน และการกันความร้อน	ฟิล์มรถยนต์ 40 กับ 60	ฟิล์มรถกี่เปอร์เซ็นต์ดี, ความเข้มฟิล์มรถ	automotive-film		/car-film						ทีมงานวิศวกร LUMAGUARD				
hold		film-ceramic-rot-vs-film-parot	ฟิล์มเซรามิกรถยนต์ดีกว่าฟิล์มปรอทอย่างไร คุ้มส่วนต่างไหม	เปรียบเทียบฟิล์มเซรามิกกับฟิล์มปรอทสำหรับรถยนต์ ทั้งการกันความร้อน การรบกวนสัญญาณ ทัศนวิสัยกลางคืน และความคุ้มค่าเมื่อเทียบกับส่วนต่างราคา	ฟิล์มเซรามิกรถยนต์	ฟิล์มปรอทรถยนต์, ฟิล์มรถกันร้อน	automotive-film		/car-film						ทีมงานวิศวกร LUMAGUARD				
hold		film-krajok-na-rot-kotmai-ki-percent	ติดฟิล์มกระจกหน้ารถเข้มได้กี่เปอร์เซ็นต์ตามกฎหมาย	สรุปข้อกำหนดความเข้มฟิล์มกระจกหน้ารถยนต์ตามกฎหมายไทย ค่าที่ปลอดภัยในการใช้งานจริง และสิ่งที่ควรรู้ก่อนเลือกความเข้มให้กระจกบานหน้า	ฟิล์มกระจกหน้ารถกฎหมาย	ความเข้มฟิล์มกระจกหน้า, ฟิล์มรถผิดกฎหมาย	automotive-film		/car-film						ทีมงานวิศวกร LUMAGUARD				
hold		tid-film-rot-chai-wela-nan-thaorai	ติดฟิล์มรถใช้เวลานานเท่าไหร่ ต้องทิ้งรถไว้ไหม	อธิบายระยะเวลาติดฟิล์มรถยนต์ตามขนาดรถและจำนวนบานกระจก สิ่งที่เกิดขึ้นระหว่างติดตั้ง และข้อควรปฏิบัติในช่วงเจ็ดวันแรกหลังติดเสร็จ	ติดฟิล์มรถใช้เวลา	ติดฟิล์มรถกี่ชั่วโมง, ขั้นตอนติดฟิล์มรถ	automotive-film		/car-film						ทีมงานวิศวกร LUMAGUARD				
hold		tser-film-rot-khue-arai	TSER ของฟิล์มรถยนต์คืออะไร ดูค่าไหนถึงจะกันร้อนจริง	อธิบายค่า TSER บนสเปกฟิล์มรถยนต์ว่าต่างจากค่า IRR และ VLT อย่างไร ทำไมฟิล์มเข้มไม่ได้แปลว่ากันร้อนดีกว่า และควรดูค่าไหนเป็นหลัก	TSER ฟิล์มรถยนต์	ค่ากันความร้อนฟิล์มรถ, IRR ฟิล์มรถ	automotive-film		/car-film						ทีมงานวิศวกร LUMAGUARD				
hold		rot-mai-pai-daeng-tid-film-tonnai	รถใหม่ป้ายแดงควรติดฟิล์มตอนไหน รอได้ไหม	แนะนำจังหวะที่เหมาะสมในการติดฟิล์มให้รถใหม่ ข้อควรระวังเรื่องฟิล์มติดรถจากศูนย์ และสิ่งที่ควรตรวจก่อนตัดสินใจเปลี่ยนฟิล์มชุดเดิม	รถใหม่ติดฟิล์มตอนไหน	ฟิล์มรถป้ายแดง, ฟิล์มติดรถจากศูนย์	automotive-film		/car-film						ทีมงานวิศวกร LUMAGUARD				
hold		film-rot-lok-pen-fong-saehet	ฟิล์มรถลอก เป็นฟอง เป็นฝ้า เกิดจากอะไร แก้ได้ไหม	อธิบายสาเหตุที่ฟิล์มรถยนต์เกิดฟอง ลอกที่ขอบ หรือขึ้นฝ้า ว่าอันไหนเป็นเรื่องปกติช่วงแรกและอันไหนคือความผิดปกติที่ต้องเคลม พร้อมวิธีสังเกต	ฟิล์มรถเป็นฟอง	ฟิล์มรถลอก, ฟิล์มรถเป็นฝ้า	automotive-film		/car-film						ทีมงานวิศวกร LUMAGUARD				
hold		rot-ev-tid-film-baep-nai	รถ EV ควรติดฟิล์มแบบไหน ช่วยเรื่องระยะทางจริงไหม	อธิบายว่าทำไมรถไฟฟ้าที่มีหลังคาแก้วและกระจกบานใหญ่ควรใส่ใจเรื่องฟิล์มเป็นพิเศษ ผลต่อภาระของระบบปรับอากาศ และการเลือกฟิล์มที่ไม่รบกวนสัญญาณ	ฟิล์มรถไฟฟ้า	รถ EV ติดฟิล์ม, หลังคาแก้วรถ EV	automotive-film		/car-film						ทีมงานวิศวกร LUMAGUARD				
hold		film-rot-mai-kuan-sanyan-jing-mai	ฟิล์มรถยนต์รบกวนสัญญาณ GPS และ Easy Pass จริงไหม	อธิบายว่าฟิล์มชนิดใดที่มีโอกาสรบกวนสัญญาณในรถ ทั้ง GPS กล้องติดรถ และ Easy Pass พร้อมวิธีเลือกฟิล์มที่กันร้อนได้โดยไม่กระทบสัญญาณ	ฟิล์มรถรบกวนสัญญาณ	ฟิล์มรถ GPS, ฟิล์มบล็อกสัญญาณ	automotive-film		/car-film						ทีมงานวิศวกร LUMAGUARD				
hold		tser-vs-irr-tang-ganyangngai	TSER กับ IRR ต่างกันอย่างไร ค่าไหนบอกว่ากันร้อนได้จริง	อธิบายความต่างระหว่างค่า TSER ที่วัดความร้อนรวมกับค่า IRR ที่วัดเฉพาะรังสีอินฟราเรด และเหตุผลที่ตัวเลข IRR สูงไม่ได้แปลว่าฟิล์มกันร้อนดีเสมอไป	TSER กับ IRR	ค่ากันความร้อนฟิล์ม, อ่านสเปกฟิล์ม	film-technology		/products						ทีมงานวิศวกร LUMAGUARD				
hold		vlt-khue-arai-lueak-ki-percent	VLT คืออะไร ควรเลือกฟิล์มกี่เปอร์เซ็นต์ให้พอดีกับการใช้งาน	อธิบายค่า VLT หรือปริมาณแสงที่ส่องผ่านฟิล์ม พร้อมแนวทางเลือกความเข้มให้เหมาะกับห้องแต่ละแบบและกระจกรถแต่ละบาน โดยไม่ทำให้มืดเกินจำเป็น	VLT คืออะไร	ฟิล์มกี่เปอร์เซ็นต์, ความเข้มฟิล์ม	film-technology		/products						ทีมงานวิศวกร LUMAGUARD				
hold		nano-ceramic-vs-sputtering	ฟิล์มนาโนเซรามิกกับฟิล์มสปัตเตอร์ ต่างกันอย่างไร	เปรียบเทียบเทคโนโลยีฟิล์มนาโนเซรามิกกับฟิล์มสปัตเตอร์เคลือบโลหะ ทั้งวิธีสกัดความร้อน ผลต่อสัญญาณ สีที่เห็นจากภายนอก และงานที่เหมาะกับแต่ละแบบ	ฟิล์มนาโนเซรามิกกับสปัตเตอร์	ฟิล์มสปัตเตอร์, ฟิล์มนาโนเซรามิก	film-technology		/products						ทีมงานวิศวกร LUMAGUARD				
hold		film-krong-saeng-block-sanyan-mue-thue	ฟิล์มกรองแสงบล็อกสัญญาณมือถือและ Wi-Fi จริงหรือไม่	อธิบายว่าฟิล์มประเภทใดมีโอกาสรบกวนสัญญาณมือถือหรือ Wi-Fi ภายในอาคาร เพราะโครงสร้างของฟิล์มแต่ละชนิดต่างกัน พร้อมวิธีเลือกให้ไม่กระทบการใช้งาน	ฟิล์มกรองแสงบล็อกสัญญาณ	ฟิล์มรบกวน Wi-Fi, ฟิล์มโลหะสัญญาณ	film-technology		/products						ทีมงานวิศวกร LUMAGUARD				
